{"cameraMode":{"drawMode":0,"name":"Shaded","section":"Shading Mode"},"sceneLighting":true,"audioPlay":false,"sceneViewState":{"m_AlwaysRefresh":false,"showFog":true,"showSkybox":true,"showFlares":true,"showImageEffects":true,"showParticleSystems":true,"showVisualEffectGraphs":true,"m_FxEnabled":false},"in2DMode":false,"pivot":{"x":12.567675590515137,"y":25.405941009521486,"z":-12.8712158203125},"rotation":{"x":0.15921078622341157,"y":-0.19428755342960359,"z":0.031974729150533679,"w":0.9674099087715149},"size":20.413183212280275,"orthographic":false}