{"cameraMode":{"drawMode":0,"name":"Shaded","section":"Shading Mode"},"sceneLighting":true,"audioPlay":false,"sceneViewState":{"m_AlwaysRefresh":false,"showFog":true,"showSkybox":true,"showFlares":true,"showImageEffects":true,"showParticleSystems":true,"showVisualEffectGraphs":true,"m_FxEnabled":true},"in2DMode":false,"pivot":{"x":-16.344663619995118,"y":1.8242082595825196,"z":6.049030303955078},"rotation":{"x":0.1611916571855545,"y":0.2213764786720276,"z":-0.037130001932382587,"w":0.9610574245452881},"size":19.588592529296876,"orthographic":false}